name,price
스페셜넥숏패딩(JP),43900
덤블카라양면자켓(JK),25100
데일리싱글맥코트(CT),42300
포켓기모자켓(JK),29700
로디양털카라자켓[P],29800
아가일배색가디건[CN],21000
로드니트가디건(G),27000
조엘더블후드코트[P],38000
톰톰떡볶이코트(CT),37000
차차양털무스탕자켓(JK),42000
채스넛누빔점퍼(JP),35900
뽀글양털숏야상[P],34000
코코아양털조끼(VE),7900
마케마케양털자켓(JK),26400
포근해숏패딩(JP),31300
눈송이하이넥패딩[P],51200
뽀글덤블집업(ZU),32900
홍시기모후드집업(JP),20500
데이유후드숏패딩(JP),39900
그래비티울코트[P],44800
더블카라롱코트[P],36000
배색덤블양털집업(JP),47900
멘토스숏패딩(JP),28900
템포양면후리스집업(JU),39000
와우띵퍼후드집업(JU),29800
디데이후리스집업(ZU),16900
심플리숏패딩 (10colors!)(JP),39900
스탠양털후드집업(ZU),25600
라스트퍼카라패딩(JP),46000
홀리데이양털집업(ZU),33000
뽀글버튼베스트(VE),12900
NEW팔레트_기모후드집업 (6 COLOR)(ZU),15900
후드숏패딩(JP),46400
오버양털집업(ZU),29700
코인니트베스트[P],13500
로브벨트코트(CT),31300
메이플양털롱코트(CT),39900
츄로터틀패딩점퍼(JP),36800
양털덤블후드집업(ZU),29700
로스티울체크자켓[P],43500
박시핏싱글자켓[P],23900
포근양털후드집업[P],21300
(재진행)박시양털후드집업(ZU),29000
(재진행)포그니양털후드(JP),32900
더블양털퀄팅조끼[P],8900
몽글양털후드점퍼[P],25000
양털떡볶이코트(CT),38500
카라체크가디건[P],19800
박시양털무스탕(JK),44800
베이직더블롱코트(CT),44000
심플기모후드집업(ZU),18700
크런키꽈배기가디건[P],22900
헤링본투버튼자켓[P],36300
하프경량패딩조끼(VE),12900
(특가기획)노블양털조끼(VE),6900
초이양털후리스(JP),17000
셀럽체크숏자켓(JK),21200
산타포켓양털자켓(JK),34600
귀욤귀욤양털자켓[P],46000
캐주얼떡볶이코트(CT),43000
심플모직자켓(JK),42500
프롬유패딩조끼(VE),23800
겨울구름크롭패딩(JP),33000
(선오픈할인)벤후리스후드집업(T),19800
얼그레이크롭자켓(JK),26400
윈터무드싱글자켓(JK),25500
양털카라자켓(JK),29700
더원숏패딩(JP),18000
테디베어후드집업(ZU),25500
스테인니트베스트(VE),12900
씨티덤블베스트(VE),12900
데일리떡볶이코트(CT),43000
아임체크미니자켓(JK),18000
박시체크자켓(JK),23800
코지패딩조끼(VE),23800
레오기모후드집업(ZU),21900
포링브이넥가디건[CN],23800
무드힙니트베스트(VE),11900
샌디누빔조끼(VE),12600
파이널리더블코트(CT),31900
유에이양털아노락(T),22000
굿츠양털조끼(VE),12900
아방가르드가디건(G),12900
뽀글후리스집업(ZU),27000
따스미경랑조끼(VE),13900
피넛다이아가디건(G),22900
(기획특가)언제나롱패딩 - 20차입고(SN),29800
(기획특가)리얼라쿤롱패딩(SN),45000
러블니트후드집업(ZU),23800
미니멀크롭베스트(VE),15300
라일리체크가디건(G),20500
에이원체크세트(JK),27200
디얼니트베스트(VE),15300
하운드체크가디건(G),15900
모노클니트가디건(G),15500
튤립꽃가디건(CD),19600
더블버튼숏자켓[CN],24900
아가일니트가디건(G),23800
(선오픈할인)찰리브라운가디건(G),18400
랩소디체크가디건(G),21900
